{
  "ext/fragment/Pdf-dbg.js": 1724828038331,
  "manifest.json": 1726026729228,
  "ext/fragment/Attachments.js": 1725856793072,
  "ext/controller/Pdf.js": 1724828658654,
  "ext/controller/Obj_lec_page.controller.js": 1725857300425,
  "ext/controller/List_lec_page.controller.js": 1725860445563,
  "ext/fragment/Pdf.js": 1724828038331,
  "Component.js": 1722253590972,
  "ext/controller/Pdf-dbg.js": 1724828658654,
  "ext/controller/Pdf.js.map": 1726026729383,
  "ext/fragment/Attachments-dbg.js": 1725856793072,
  "ext/fragment/Attachments.js.map": 1726026729397,
  "ext/controller/Obj_lec_page-dbg.controller.js": 1725857300425,
  "ext/controller/Obj_lec_page.controller.js.map": 1726026729398,
  "ext/controller/List_lec_page-dbg.controller.js": 1725860445563,
  "ext/controller/List_lec_page.controller.js.map": 1726026729391,
  "i18n/i18n.properties": 1722502257683,
  "ext/fragment/Pdf.js.map": 1726026729385,
  "Component-dbg.js": 1722253590972,
  "Component.js.map": 1726026729386,
  "Component-preload.js": 1726026729587,
  "Component-preload.js.map": 1726026729587,
  "ext/fragment/Pdf.fragment.xml": 1725509875078,
  "ext/fragment/Attachments.fragment.xml": 1725855701201,
  "index.html": 1722253590972
}