{
  "ext/controller/Obj_page.controller.js.map": 1726026726324,
  "ext/controller/List_page.controller.js": 1724758486669,
  "ext/controller/Obj_page.controller.js": 1724342497332,
  "manifest.json": 1726026726192,
  "Component.js": 1722253204453,
  "Component-dbg.js": 1722253204453,
  "Component.js.map": 1726026726315,
  "ext/controller/Obj_page-dbg.controller.js": 1724342497332,
  "i18n/i18n.properties": 1722502208955,
  "ext/controller/List_page-dbg.controller.js": 1724758486669,
  "ext/controller/List_page.controller.js.map": 1726026726323,
  "Component-preload.js": 1726026726445,
  "Component-preload.js.map": 1726026726445,
  "index.html": 1722253204453
}